KnessetNum,BillCount,LawCount,SuccessRate,FactionSize,BillsPerMember,LawsPerMember,FactionName
1,4,1,0.25,17,0.23529411764705882,0.058823529411764705,חזית דתית מאוחדת
1,8,1,0.125,22,0.36363636363636365,0.045454545454545456,מפלגת פועלים מאוחדת
1,4,1,0.25,53,0.07547169811320754,0.018867924528301886,מפלגת פועלי ארץ-ישראל
1,2,0,0.0,14,0.14285714285714285,0.0,תנועת החרות
1,1,0,0.0,7,0.14285714285714285,0.0,ציונים כלליים
1,3,0,0.0,5,0.6,0.0,מפלגה פרוגרסיבית
1,1,0,0.0,1,1.0,0.0,"ויצ""ו"
2,10,4,0.4,8,1.25,0.5,הפועל המזרחי
2,5,1,0.2,2,2.5,0.5,סיעה בלתי תלויה באחדות העבודה
2,20,4,0.2,10,2.0,0.4,תנועת החרות
2,7,2,0.2857142857142857,6,1.1666666666666667,0.3333333333333333,מפלגה פרוגרסיבית
2,20,4,0.2,16,1.25,0.25,מפלגת פועלים מאוחדת
2,7,1,0.14285714285714285,4,1.75,0.25,אחדות העבודה - פועלי ציון
2,9,3,0.3333333333333333,23,0.391304347826087,0.13043478260869565,ציונים כלליים
2,17,5,0.29411764705882354,52,0.3269230769230769,0.09615384615384616,מפלגת פועלי ארץ-ישראל
2,2,0,0.0,2,1.0,0.0,פועלי אגודת ישראל
2,9,0,0.0,7,1.2857142857142858,0.0,מפלגה קומוניסטית ישראלית
2,2,0,0.0,3,0.6666666666666666,0.0,מזרחי
2,6,0,0.0,4,1.5,0.0,אגודת ישראל
2,1,0,0.0,2,0.5,0.0,התאחדות התימנים בישראל
2,1,0,0.0,3,0.3333333333333333,0.0,סיעת השמאל
3,16,11,0.6875,11,1.4545454545454546,1.0,חזית דתית לאומית
3,16,11,0.6875,11,1.4545454545454546,1.0,מפלגה דתית לאומית
3,16,11,0.6875,11,1.4545454545454546,1.0,הפועל המזרחי - המזרחי
3,7,5,0.7142857142857143,6,1.1666666666666667,0.8333333333333334,חזית דתית תורתית
3,10,8,0.8,10,1.0,0.8,מפלגת פועלים מאוחדת
3,13,11,0.8461538461538461,14,0.9285714285714286,0.7857142857142857,ציונים כלליים
3,7,5,0.7142857142857143,7,1.0,0.7142857142857143,אגודת ישראל - פועלי אגודת ישראל
3,14,10,0.7142857142857143,15,0.9333333333333333,0.6666666666666666,תנועת החרות
3,10,8,0.8,13,0.7692307692307693,0.6153846153846154,אחדות העבודה - פועלי ציון
3,3,3,1.0,6,0.5,0.5,מפלגה פרוגרסיבית
3,12,10,0.8333333333333334,48,0.25,0.20833333333333334,מפלגת פועלי ארץ-ישראל
4,7,2,0.2857142857142857,4,1.75,0.5,אגודת ישראל
4,3,3,1.0,6,0.5,0.5,מפלגה פרוגרסיבית
4,9,6,0.6666666666666666,12,0.75,0.5,מפלגה דתית לאומית
4,20,3,0.15,8,2.5,0.375,ציונים כלליים
4,13,3,0.23076923076923078,8,1.625,0.375,אחדות העבודה - פועלי ציון
4,22,5,0.22727272727272727,14,1.5714285714285714,0.35714285714285715,מפלגה ליברלית ישראלית
4,1,1,1.0,3,0.3333333333333333,0.3333333333333333,פועלי אגודת ישראל
4,7,2,0.2857142857142857,6,1.1666666666666667,0.3333333333333333,חזית דתית תורתית
4,7,3,0.42857142857142855,10,0.7,0.3,מפלגת פועלים מאוחדת
4,11,5,0.45454545454545453,18,0.6111111111111112,0.2777777777777778,תנועת החרות
4,5,3,0.6,48,0.10416666666666667,0.0625,מפלגת פועלי ארץ-ישראל
4,2,0,0.0,4,0.5,0.0,מפלגה קומוניסטית ישראלית
5,5,4,0.8,2,2.5,2.0,פועלי אגודת ישראל
5,27,13,0.48148148148148145,10,2.7,1.3,אחדות העבודה - פועלי ציון
5,15,4,0.26666666666666666,4,3.75,1.0,אגודת ישראל
5,17,13,0.7647058823529411,14,1.2142857142857142,0.9285714285714286,מפלגה דתית לאומית
5,65,9,0.13846153846153847,10,6.5,0.9,מפלגת פועלים מאוחדת
5,36,16,0.4444444444444444,18,2.0,0.8888888888888888,תנועת החרות
5,8,7,0.875,8,1.0,0.875,רשימת פועלים ישראלית
5,62,17,0.27419354838709675,27,2.2962962962962963,0.6296296296296297,גוש חרות ליברלים
5,46,7,0.15217391304347827,18,2.5555555555555554,0.3888888888888889,מפלגה ליברלית ישראלית
5,17,15,0.8823529411764706,48,0.3541666666666667,0.3125,מפלגת פועלי ארץ-ישראל
5,13,1,0.07692307692307693,7,1.8571428571428572,0.14285714285714285,ליברלים עצמאיים
5,30,0,0.0,6,5.0,0.0,מפלגה קומוניסטית ישראלית
5,6,0,0.0,2,3.0,0.0,רשימה קומוניסטית חדשה
6,16,1,0.0625,1,16.0,1.0,העולם הזה - כוח חדש
6,19,6,0.3157894736842105,8,2.375,0.75,מפלגת פועלים מאוחדת
6,15,9,0.6,12,1.25,0.75,מפלגה דתית לאומית
6,6,4,0.6666666666666666,7,0.8571428571428571,0.5714285714285714,ליברלים עצמאיים
6,55,14,0.2545454545454545,27,2.037037037037037,0.5185185185185185,גוש חרות ליברלים
6,7,1,0.14285714285714285,4,1.75,0.25,אגודת ישראל
6,5,3,0.6,12,0.4166666666666667,0.25,רשימת פועלים ישראלית
6,8,1,0.125,4,2.0,0.25,המרכז החופשי
6,16,11,0.6875,56,0.2857142857142857,0.19642857142857142,מפלגת העבודה הישראלית
6,30,12,0.4,64,0.46875,0.1875,מערך
6,12,9,0.75,48,0.25,0.1875,מערך
6,15,0,0.0,1,15.0,0.0,מפלגה קומוניסטית ישראלית
6,15,0,0.0,3,5.0,0.0,רשימה קומוניסטית חדשה
7,8,4,0.5,5,1.6,0.8,ליברלים עצמאיים
7,66,15,0.22727272727272727,28,2.357142857142857,0.5357142857142857,גוש חרות ליברלים
7,18,3,0.16666666666666666,6,3.0,0.5,אגודת ישראל
7,15,1,0.06666666666666667,2,7.5,0.5,מרכז חופשי
7,62,26,0.41935483870967744,59,1.0508474576271187,0.4406779661016949,מערך
7,27,5,0.18518518518518517,16,1.6875,0.3125,מפלגה דתית לאומית
7,2,0,0.0,2,1.0,0.0,פועלי אגודת ישראל
7,13,0,0.0,2,6.5,0.0,מפלגה קומוניסטית ישראלית
7,13,0,0.0,5,2.6,0.0,הרשימה הממלכתית
7,3,0,0.0,1,3.0,0.0,מוקד
7,8,0,0.0,4,2.0,0.0,רשימה קומוניסטית חדשה
7,22,0,0.0,2,11.0,0.0,העולם הזה - כוח חדש
7,8,0,0.0,1,8.0,0.0,"חה""כ מאיר אביזוהר"
7,8,0,0.0,1,8.0,0.0,"חה""כ שלום כהן"
7,14,0,0.0,1,14.0,0.0,מחנה רדיקלי ישראלי
8,6,4,0.6666666666666666,1,6.0,4.0,מוקד
8,18,8,0.4444444444444444,3,6.0,2.6666666666666665,יהדות התורה ­ אגודת ישראל ודתיים בלתי מפלגתיים
8,26,11,0.4230769230769231,6,4.333333333333333,1.8333333333333333,ליברלים עצמאיים
8,9,3,0.3333333333333333,2,4.5,1.5,מרכז חופשי
8,18,8,0.4444444444444444,6,3.0,1.3333333333333333,חזית דתית תורתית
8,24,8,0.3333333333333333,6,4.0,1.3333333333333333,מפלגת פועלים מאוחדת
8,33,14,0.42424242424242425,11,3.0,1.2727272727272727,מפלגה דתית לאומית
8,16,3,0.1875,3,5.333333333333333,1.0,"ר""ץ"
8,8,1,0.125,1,8.0,1.0,"חה""כ מרדכי בן-פורת"
8,14,2,0.14285714285714285,2,7.0,1.0,"ר""ץ"
8,114,52,0.45614035087719296,67,1.7014925373134329,0.7761194029850746,מערך
8,16,3,0.1875,4,4.0,0.75,יעד - תנועה לזכויות האזרח
8,79,26,0.3291139240506329,44,1.7954545454545454,0.5909090909090909,הליכוד
8,2,1,0.5,2,1.0,0.5,סיעה סוציאל-דמוקרטית
8,2,1,0.5,2,1.0,0.5,סיעה סוציאליסטית עצמאית
8,7,1,0.14285714285714285,4,1.75,0.25,הרשימה הקומוניסטית החדשה
8,7,1,0.14285714285714285,4,1.75,0.25,חזית דמוקרטית לשלום ולשוויון
8,3,0,0.0,1,3.0,0.0,רשימה ערבית לבדואים וכפריים
8,3,0,0.0,3,1.0,0.0,הרשימה הערבית המאוחדת
8,3,0,0.0,1,3.0,0.0,הסיעה לבדואים וכפריים
9,8,8,1.0,1,8.0,8.0,"חה""כ יוסף תמיר"
9,4,3,0.75,1,4.0,3.0,ישראל אחת
9,4,3,0.75,1,4.0,3.0,"חה""כ יצחק יצחקי"
9,23,18,0.782608695652174,7,3.2857142857142856,2.5714285714285716,שינוי - מפלגת המרכז
9,11,10,0.9090909090909091,4,2.75,2.5,אגודת ישראל
9,25,20,0.8,8,3.125,2.5,תנועה לשינוי ויוזמה
9,37,29,0.7837837837837838,12,3.0833333333333335,2.4166666666666665,מפלגה דתית לאומית
9,4,3,0.75,2,2.0,1.5,שלומציון
9,26,20,0.7692307692307693,16,1.625,1.25,התנועה הדמוקרטית לשינוי
9,63,41,0.6507936507936508,39,1.6153846153846154,1.0512820512820513,מערך
9,2,1,0.5,1,2.0,1.0,ליברלים עצמאיים
9,4,1,0.25,1,4.0,1.0,"ר""ץ"
9,67,44,0.6567164179104478,48,1.3958333333333333,0.9166666666666666,הליכוד
9,4,2,0.5,3,1.3333333333333333,0.6666666666666666,אחווה
9,4,2,0.5,3,1.3333333333333333,0.6666666666666666,"רפ""י - הרשימה הממלכתית"
9,4,2,0.5,4,1.0,0.5,"תל""ם - התנועה להתחדשות ממלכתית"
9,4,1,0.25,2,2.0,0.5,"בנא""י"
9,4,1,0.25,2,2.0,0.5,"תחייה - בנא""י"
9,4,2,0.5,7,0.5714285714285714,0.2857142857142857,התנועה הדמוקרטית
9,1,0,0.0,1,1.0,0.0,פועלי אגודת ישראל
9,1,0,0.0,5,0.2,0.0,"מחנה של""י"
9,2,0,0.0,1,2.0,0.0,"חה""כ משה שמיר"
10,39,6,0.15384615384615385,2,19.5,3.0,שינוי
10,8,6,0.75,4,2.0,1.5,אגודת ישראל
10,5,1,0.2,1,5.0,1.0,"ר""ץ"
10,5,1,0.2,1,5.0,1.0,"ר""ץ"
10,54,20,0.37037037037037035,51,1.0588235294117647,0.39215686274509803,הליכוד
10,24,3,0.125,8,3.0,0.375,חזית דתית לאומית
10,1,1,1.0,3,0.3333333333333333,0.3333333333333333,תנועה למסורת ישראל
10,214,16,0.07476635514018691,53,4.037735849056604,0.3018867924528302,מערך
10,7,1,0.14285714285714285,4,1.75,0.25,תחייה
10,4,0,0.0,3,1.3333333333333333,0.0,תנועה להתחדשות ממלכתית
10,13,0,0.0,4,3.25,0.0,חזית דמוקרטית לשלום ושוויון
10,8,0,0.0,2,4.0,0.0,גשר - מרכז ציוני דתי
10,5,0,0.0,1,5.0,0.0,"חה""כ חיים דרוקמן"
10,1,0,0.0,1,1.0,0.0,"רפ""י - הרשימה הממלכתית"
10,3,0,0.0,1,3.0,0.0,התנועה להתחדשות ציונית חברתית
11,82,12,0.14634146341463414,4,20.5,3.0,שינוי
11,117,13,0.1111111111111111,6,19.5,2.1666666666666665,"ר""ץ"
11,3,2,0.6666666666666666,1,3.0,2.0,תנועה למסורת ישראל
11,22,2,0.09090909090909091,1,22.0,2.0,צומת
11,22,2,0.09090909090909091,1,22.0,2.0,"חה""כ רפאל איתן"
11,21,2,0.09523809523809523,1,21.0,2.0,"חה""כ שמעון בן-שלמה"
11,125,11,0.088,7,17.857142857142858,1.5714285714285714,מפלגת פועלים מאוחדת
11,21,3,0.14285714285714285,2,10.5,1.5,אגודת ישראל
11,31,2,0.06451612903225806,2,15.5,1.0,מורשה
11,51,5,0.09803921568627451,5,10.2,1.0,תחייה
11,157,37,0.2356687898089172,45,3.488888888888889,0.8222222222222222,הליכוד
11,28,4,0.14285714285714285,5,5.6,0.8,מפלגה דתית לאומית
11,313,39,0.12460063897763578,50,6.26,0.78,מערך
11,31,2,0.06451612903225806,4,7.75,0.5,"התאחדות הספרדים שומרי תורה - תנועת ש""ס"
11,7,1,0.14285714285714285,3,2.3333333333333335,0.3333333333333333,יחד
11,48,1,0.020833333333333332,5,9.6,0.2,חזית דמוקרטית לשלום ושוויון
11,7,0,0.0,1,7.0,0.0,"חה""כ עבד-אלוהאב דראושה"
11,16,0,0.0,2,8.0,0.0,רשימה מתקדמת לשלום
11,11,0,0.0,1,11.0,0.0,כך
11,7,0,0.0,1,7.0,0.0,"מד""ע - מפלגה דמוקרטית ערבית"
12,252,27,0.10714285714285714,2,126.0,13.5,שינוי
12,154,24,0.15584415584415584,3,51.333333333333336,8.0,מפלגת פועלים מאוחדת
12,524,56,0.10687022900763359,10,52.4,5.6,מרצ
12,237,26,0.10970464135021098,5,47.4,5.2,"ר""ץ"
12,79,9,0.11392405063291139,2,39.5,4.5,צומת
12,124,21,0.1693548387096774,5,24.8,4.2,מפלגה דתית לאומית
12,25,3,0.12,1,25.0,3.0,פנתרים שחורים
12,25,3,0.12,1,25.0,3.0,"חה""כ צ'רלי ביטון"
12,33,8,0.24242424242424243,3,11.0,2.6666666666666665,מפלגה ליברלית חדשה
12,19,5,0.2631578947368421,2,9.5,2.5,דגל התורה
12,63,11,0.1746031746031746,5,12.6,2.2,מפלגה לקידום הרעיון הציוני
12,2,2,1.0,1,2.0,2.0,אחדות למען השלום והעלייה
12,610,77,0.12622950819672132,39,15.64102564102564,1.9743589743589745,מפלגת העבודה הישראלית
12,610,77,0.12622950819672132,39,15.64102564102564,1.9743589743589745,מערך
12,13,3,0.23076923076923078,2,6.5,1.5,מולדת
12,53,7,0.1320754716981132,5,10.6,1.4,תחייה
12,54,7,0.12962962962962962,6,9.0,1.1666666666666667,"התאחדות הספרדים שומרי תורה - תנועת ש""ס"
12,10,1,0.1,1,10.0,1.0,"מד""ע - מפלגה דמוקרטית ערבית"
12,8,1,0.125,1,8.0,1.0,גאולת ישראל
12,337,43,0.12759643916913946,46,7.326086956521739,0.9347826086956522,הליכוד
12,91,6,0.06593406593406594,7,13.0,0.8571428571428571,חזית דמוקרטית לשלום ושוויון
12,44,3,0.06818181818181818,5,8.8,0.6,אגודת ישראל
12,4,0,0.0,1,4.0,0.0,רשימה מתקדמת לשלום
13,199,45,0.22613065326633167,2,99.5,22.5,גשר
13,705,80,0.11347517730496454,12,58.75,6.666666666666667,מרצ
13,359,31,0.08635097493036212,6,59.833333333333336,5.166666666666667,מפלגה דתית לאומית
13,124,18,0.14516129032258066,4,31.0,4.5,חזית דמוקרטית לשלום ושוויון
13,92,8,0.08695652173913043,2,46.0,4.0,עתיד
13,1256,100,0.07961783439490445,35,35.885714285714286,2.857142857142857,הליכוד
13,118,8,0.06779661016949153,3,39.333333333333336,2.6666666666666665,יעוד
13,397,20,0.05037783375314862,8,49.625,2.5,צומת
13,72,5,0.06944444444444445,2,36.0,2.5,דגל התורה
13,1120,108,0.09642857142857143,49,22.857142857142858,2.204081632653061,מפלגת העבודה הישראלית
13,95,2,0.021052631578947368,1,95.0,2.0,"חה""כ יוסף בא-גד"
13,136,5,0.03676470588235294,3,45.333333333333336,1.6666666666666667,מולדת
13,54,3,0.05555555555555555,2,27.0,1.5,"מד""ע - מפלגה דמוקרטית ערבית"
13,17,1,0.058823529411764705,1,17.0,1.0,ימין ישראל
13,61,2,0.03278688524590164,2,30.5,1.0,הדרך השלישית
13,15,1,0.06666666666666667,1,15.0,1.0,"חה""כ אפרים גור"
13,3,1,0.3333333333333333,1,3.0,1.0,"חה""כ נאוה ארד"
13,101,6,0.0594059405940594,7,14.428571428571429,0.8571428571428571,יהדות התורה
13,94,4,0.0425531914893617,6,15.666666666666666,0.6666666666666666,"התאחדות הספרדים שומרי תורה - תנועת ש""ס"
13,33,1,0.030303030303030304,2,16.5,0.5,אגודת ישראל
13,51,0,0.0,1,51.0,0.0,"חה""כ יוסף עזרן"
14,86,11,0.12790697674418605,1,86.0,11.0,"חה""כ דוד צוקר"
14,191,10,0.05235602094240838,1,191.0,10.0,שינוי - מפלגת מרכז
14,89,7,0.07865168539325842,1,89.0,7.0,הצעירים
14,270,13,0.04814814814814815,2,135.0,6.5,שינוי
14,49,6,0.12244897959183673,1,49.0,6.0,"חה""כ עמנואל זיסמן"
14,749,43,0.05740987983978638,9,83.22222222222223,4.777777777777778,מרצ
14,90,7,0.07777777777777778,2,45.0,3.5,אמונים
14,90,7,0.07777777777777778,2,45.0,3.5,תקומה
14,118,6,0.05084745762711865,2,59.0,3.0,ברית לאומית דמוקרטית
14,159,8,0.050314465408805034,3,53.0,2.6666666666666665,חזית דמוקרטית לשלום ושוויון
14,197,16,0.08121827411167512,6,32.833333333333336,2.6666666666666665,ישראל במרכז
14,23,2,0.08695652173913043,1,23.0,2.0,דגל התורה
14,97,4,0.041237113402061855,2,48.5,2.0,"עלי""ה - עמנו למען ישראל המתחדשת"
14,4,2,0.5,1,4.0,2.0,מכורה
14,312,20,0.0641025641025641,11,28.363636363636363,1.8181818181818181,מפלגה דתית לאומית
14,171,9,0.05263157894736842,5,34.2,1.8,"חד""ש - בל""ד"
14,66,7,0.10606060606060606,4,16.5,1.75,הדרך השלישית
14,59,5,0.0847457627118644,3,19.666666666666668,1.6666666666666667,גשר
14,53,5,0.09433962264150944,3,17.666666666666668,1.6666666666666667,חרות - התנועה הלאומית
14,1014,59,0.05818540433925049,36,28.166666666666668,1.6388888888888888,מפלגת העבודה הישראלית
14,447,29,0.06487695749440715,19,23.526315789473685,1.5263157894736843,הליכוד
14,207,10,0.04830917874396135,7,29.571428571428573,1.4285714285714286,ישראל בעלייה
14,521,29,0.05566218809980806,22,23.681818181818183,1.3181818181818181,ליכוד - צומת
14,710,38,0.05352112676056338,35,20.285714285714285,1.0857142857142856,ליכוד - גשר - צומת
14,101,3,0.0297029702970297,3,33.666666666666664,1.0,צומת
14,44,3,0.06818181818181818,3,14.666666666666666,1.0,מולדת
14,79,5,0.06329113924050633,5,15.8,1.0,יהדות התורה
14,101,3,0.0297029702970297,3,33.666666666666664,1.0,עם אחד
14,153,7,0.0457516339869281,10,15.3,0.7,"התאחדות הספרדים שומרי תורה - תנועת ש""ס"
14,14,1,0.07142857142857142,3,4.666666666666667,0.3333333333333333,אגודת ישראל
14,90,1,0.011111111111111112,4,22.5,0.25,"מד""ע - רע""ם"
15,156,18,0.11538461538461539,2,78.0,9.0,מחר - מפלגת חברה ורפורמות
15,156,18,0.11538461538461539,2,78.0,9.0,סיעה של ברונפמן וצינקר (סיעה ללא שם)
15,512,33,0.064453125,4,128.0,8.25,ישראל ביתנו
15,508,54,0.1062992125984252,7,72.57142857142857,7.714285714285714,מפלגה דתית לאומית
15,317,28,0.08832807570977919,4,79.25,7.0,"חד""ש"
15,117,7,0.05982905982905983,1,117.0,7.0,אחדות לאומית - הברית הלאומית המתקדמת
15,581,48,0.08261617900172118,7,83.0,6.857142857142857,שינוי
15,1044,86,0.08237547892720307,13,80.3076923076923,6.615384615384615,מרצ
15,104,13,0.125,2,52.0,6.5,לב
15,309,31,0.10032362459546926,5,61.8,6.2,האיחוד הלאומי
15,156,18,0.11538461538461539,3,52.0,6.0,הבחירה הדמוקרטית
15,194,12,0.061855670103092786,2,97.0,6.0,התנועה הערבית להתחדשות
15,198,17,0.08585858585858586,3,66.0,5.666666666666667,עם אחד
15,277,33,0.11913357400722022,6,46.166666666666664,5.5,יהדות התורה
15,602,43,0.07142857142857142,9,66.88888888888889,4.777777777777778,האיחוד הלאומי - ישראל ביתנו
15,101,9,0.0891089108910891,2,50.5,4.5,חרות - התנועה הלאומית
15,404,31,0.07673267326732673,7,57.714285714285715,4.428571428571429,ישראל בעלייה
15,253,13,0.05138339920948617,3,84.33333333333333,4.333333333333333,"בל""ד"
15,148,17,0.11486486486486487,4,37.0,4.25,גשר
15,97,11,0.1134020618556701,3,32.333333333333336,3.6666666666666665,דרך חדשה
15,208,10,0.04807692307692308,3,69.33333333333333,3.3333333333333335,מפלגה לאומית ערבית
15,878,71,0.08086560364464693,24,36.583333333333336,2.9583333333333335,הליכוד
15,267,16,0.0599250936329588,6,44.5,2.6666666666666665,"רע""ם"
15,1071,72,0.06722689075630252,28,38.25,2.5714285714285716,העבודה - מימד
15,1136,77,0.06778169014084508,32,35.5,2.40625,ישראל אחת
15,286,22,0.07692307692307693,10,28.6,2.2,מפלגת המרכז
15,621,41,0.06602254428341385,19,32.68421052631579,2.1578947368421053,"ש""ס"
16,478,23,0.04811715481171548,1,478.0,23.0,העולים
16,423,27,0.06382978723404255,2,211.5,13.5,הבית הלאומי
16,688,31,0.04505813953488372,3,229.33333333333334,10.333333333333334,שינוי
16,163,10,0.06134969325153374,1,163.0,10.0,נוי
16,869,35,0.04027617951668585,4,217.25,8.75,ישראל ביתנו
16,218,7,0.03211009174311927,1,218.0,7.0,"חה""כ מיכאל נודלמן"
16,626,36,0.05750798722044728,6,104.33333333333333,6.0,מרצ - הבחירה הדמוקרטית - שחר
16,201,11,0.05472636815920398,2,100.5,5.5,ישראל בעלייה בראשות נתן שרנסקי
16,144,16,0.1111111111111111,3,48.0,5.333333333333333,דגל התורה
16,626,36,0.05750798722044728,7,89.42857142857143,5.142857142857143,יחד והבחירה הדמוקרטית
16,626,36,0.05750798722044728,7,89.42857142857143,5.142857142857143,מרצ - יחד והבחירה הדמוקרטית
16,976,51,0.05225409836065574,11,88.72727272727273,4.636363636363637,הסיעה החילונית
16,249,17,0.06827309236947791,4,62.25,4.25,עם אחד בראשות עמיר פרץ
16,559,38,0.06797853309481217,9,62.111111111111114,4.222222222222222,מפלגה דתית לאומית
16,1097,41,0.037374658158614404,10,109.7,4.1,האיחוד הלאומי - ישראל ביתנו - מולדת - תקומה
16,1057,54,0.0510879848628193,14,75.5,3.857142857142857,שינוי מפלגת החילונים ומעמד הביניים
16,412,15,0.03640776699029126,4,103.0,3.75,האיחוד הלאומי - מולדת - תקומה
16,228,19,0.08333333333333333,6,38.0,3.1666666666666665,יהדות התורה והשבת אגודת ישראל - דגל התורה
16,1070,54,0.05046728971962617,18,59.44444444444444,3.0,שינוי התנועה החילונית
16,228,5,0.021929824561403508,2,114.0,2.5,תנועה ערבית להתחדשות
16,550,35,0.06363636363636363,15,36.666666666666664,2.3333333333333335,אחריות לאומית
16,236,7,0.029661016949152543,3,78.66666666666667,2.3333333333333335,החזית הדמוקרטית לשלום ולשוויון
16,526,32,0.060836501901140684,14,37.57142857142857,2.2857142857142856,קדימה
16,952,48,0.05042016806722689,22,43.27272727272727,2.1818181818181817,העבודה-מימד בראשות מצנע
16,289,8,0.02768166089965398,4,72.25,2.0,"חד""ש - תע""ל"
16,1077,57,0.052924791086350974,32,33.65625,1.78125,העבודה - מימד - עם אחד
16,573,23,0.04013961605584642,13,44.07692307692308,1.7692307692307692,התאחדות הספרדים העולמית שומרי תורה
16,104,7,0.0673076923076923,4,26.0,1.75,"בל""ד (ברית לאומית דמוקרטית)"
16,1274,72,0.0565149136577708,43,29.627906976744185,1.6744186046511629,הליכוד
16,111,6,0.05405405405405406,5,22.2,1.2,אגודת ישראל
16,17,2,0.11764705882352941,2,8.5,1.0,"צל""ש - ציונות ליברליות שוויון"
16,69,2,0.028985507246376812,3,23.0,0.6666666666666666,התחברות
16,69,2,0.028985507246376812,3,23.0,0.6666666666666666,ציונות לאומית דתית מתחדשת
16,107,0,0.0,3,35.666666666666664,0.0,הרשימה הערבית המאוחדת
17,92,9,0.09782608695652174,1,92.0,9.0,מימד
17,103,12,0.11650485436893204,2,51.5,6.0,"אח""י - ארץ, חברה, יהדות"
17,757,38,0.05019815059445178,9,84.11111111111111,4.222222222222222,"הבית היהודי מיסודם של המפד""ל והאיחוד הלאומי"
17,562,61,0.10854092526690391,15,37.46666666666667,4.066666666666666,הליכוד עם בנימין נתניהו לראשות הממשלה
17,140,8,0.05714285714285714,2,70.0,4.0,מולדת האיחוד הלאומי
17,757,38,0.05019815059445178,10,75.7,3.8,"איחוד לאומי-מפד""ל רשימה יהודית לאומית מאוחדת"
17,528,18,0.03409090909090909,5,105.6,3.6,"הבית היהודי מיסודם של המפד""ל"
17,448,19,0.04241071428571429,7,64.0,2.7142857142857144,מרצ-ישראל חברתית דמוקרטית
17,92,8,0.08695652173913043,3,30.666666666666668,2.6666666666666665,דגל התורה
17,681,43,0.0631424375917768,18,37.833333333333336,2.388888888888889,העבודה בראשות אהוד ברק
17,279,11,0.03942652329749104,5,55.8,2.2,חזית דמוקרטית לשלום ושוויון
17,788,51,0.06472081218274112,24,32.833333333333336,2.125,העבודה-מימד בראשות עמיר פרץ
17,359,28,0.07799442896935933,14,25.642857142857142,2.0,"ש""ס-התאחדות הספרדים העולמית שומרי תורה"
17,124,8,0.06451612903225806,4,31.0,2.0,צדק לזקן
17,530,25,0.04716981132075472,14,37.857142857142854,1.7857142857142858,ישראל ביתנו בראשות אביגדור ליברמן
17,615,53,0.08617886178861789,37,16.62162162162162,1.4324324324324325,קדימה-עם אהוד אולמרט לראשות הממשלה
17,142,11,0.07746478873239436,8,17.75,1.375,יהדות התורה והשבת אגודת ישראל-דגל התורה
17,63,5,0.07936507936507936,5,12.6,1.0,"אלתג'מוע אלווטני אל דימוקרטי-בל""ד"
17,140,5,0.03571428571428571,5,28.0,1.0,הרשימה הערבית המאוחדת התנועה הערבית להתחדשות
17,69,2,0.028985507246376812,2,34.5,1.0,הדרך הטובה
17,182,10,0.054945054945054944,11,16.545454545454547,0.9090909090909091,גיל-גימלאי ישראל לכנסת
17,40,3,0.075,4,10.0,0.75,אגודת ישראל
18,524,49,0.09351145038167939,4,131.0,12.25,"הבית היהודי - מפד""ל החדשה"
18,760,36,0.04736842105263158,5,152.0,7.2,חזית דמוקרטית לשלום ושוויון
18,265,13,0.04905660377358491,2,132.5,6.5,עוצמה לישראל
18,498,32,0.0642570281124498,5,99.6,6.4,איחוד לאומי
18,844,38,0.045023696682464455,7,120.57142857142857,5.428571428571429,התנועה בראשות ציפי לבני
18,731,86,0.11764705882352941,16,45.6875,5.375,ישראל ביתנו בראשות אביגדור ליברמן
18,504,26,0.051587301587301584,5,100.8,5.2,התנועה החדשה מרצ
18,508,52,0.10236220472440945,10,50.8,5.2,העבודה
18,308,34,0.11038961038961038,7,44.0,4.857142857142857,יהדות התורה והשבת אגודת ישראל - דגל התורה
18,625,57,0.0912,12,52.083333333333336,4.75,התאחדות הספרדים העולמית שומרי תורה
18,1174,122,0.10391822827938671,29,40.48275862068966,4.206896551724138,"הליכוד - אח""י בהנהגת בנימין נתניהו לראשות הממשלה"
18,46,4,0.08695652173913043,1,46.0,4.0,"חה""כ חיים אמסלם"
18,650,58,0.08923076923076922,15,43.333333333333336,3.8666666666666667,העבודה בראשות אהוד ברק
18,1709,123,0.07197191339964892,36,47.47222222222222,3.4166666666666665,קדימה - עם ציפי לבני לראשות הממשלה
18,161,7,0.043478260869565216,5,32.2,1.4,הרשימה הערבית המאוחדת - התנועה הערבית להתחדשות
18,21,1,0.047619047619047616,1,21.0,1.0,"מד""ע - מפלגה דמוקרטית ערבית"
18,109,6,0.05504587155963303,7,15.571428571428571,0.8571428571428571,העצמאות
18,122,2,0.01639344262295082,4,30.5,0.5,"אלתג'מוע אלווטני אלדמוקרטי - בל""ד"
19,504,48,0.09523809523809523,6,84.0,8.0,התנועה בראשות ציפי לבני
19,915,29,0.03169398907103825,4,228.75,7.25,"חד""ש - החזית הדמוקרטית לשלום ושוויון"
19,747,40,0.0535475234270415,6,124.5,6.666666666666667,מרצ - השמאל של ישראל
19,104,5,0.04807692307692308,1,104.0,5.0,"תע""ל - התנועה הערבית להתחדשות"
19,923,63,0.06825568797399784,16,57.6875,3.9375,העבודה בראשות שלי יחימוביץ'
19,399,27,0.06766917293233082,7,57.0,3.857142857142857,"יהדות התורה והשבת, אגודת ישראל - דגל התורה"
19,744,71,0.09543010752688172,20,37.2,3.55,הליכוד - תנועה לאומית ליברלית
19,402,44,0.10945273631840796,13,30.923076923076923,3.3846153846153846,"הבית היהודי מייסודם של האיחוד הלאומי והמפד""ל החדשה"
19,580,53,0.09137931034482759,19,30.526315789473685,2.789473684210526,יש עתיד בראשות יאיר לפיד
19,442,36,0.08144796380090498,13,34.0,2.769230769230769,ישראל ביתנו
19,965,88,0.09119170984455958,32,30.15625,2.75,הליכוד - ישראל ביתנו
19,570,30,0.05263157894736842,13,43.84615384615385,2.3076923076923075,שס התאחדות הספרדים העולמית שומרי תורה
19,125,6,0.048,3,41.666666666666664,2.0,"בל""ד - אלתג'מוע אלווטני אלדמוקרטי"
19,88,6,0.06818181818181818,3,29.333333333333332,2.0,קדימה בראשות שאול מופז
19,153,6,0.0392156862745098,4,38.25,1.5,"רע""מ-תע""ל-מד""ע"
19,153,6,0.0392156862745098,4,38.25,1.5,"רע""מ-תע""ל"
19,75,4,0.05333333333333334,3,25.0,1.3333333333333333,"רע""מ - רשימת האיחוד הערבי"
20,761,99,0.13009198423127463,3,253.66666666666666,33.0,דגל התורה
20,364,28,0.07692307692307693,1,364.0,28.0,"תע""ל – בראשות אחמד טיבי"
20,472,51,0.10805084745762712,2,236.0,25.5,"חה""כ אורלי לוי-אבקסיס"
20,953,111,0.11647429171038824,8,119.125,13.875,יהדות התורה
20,367,54,0.14713896457765668,4,91.75,13.5,הימין החדש
20,392,40,0.10204081632653061,3,130.66666666666666,13.333333333333334,אגודת ישראל
20,1090,76,0.06972477064220184,6,181.66666666666666,12.666666666666666,התנועה
20,1310,88,0.06717557251908397,7,187.14285714285714,12.571428571428571,מרצ
20,1382,154,0.11143270622286541,13,106.3076923076923,11.846153846153847,כולנו בראשות משה כחלון
20,993,109,0.10976837865055387,10,99.3,10.9,ישראל ביתנו
20,1699,130,0.07651559741024132,14,121.35714285714286,9.285714285714286,יש עתיד
20,838,108,0.1288782816229117,12,69.83333333333333,9.0,הבית היהודי בראשות נפתלי בנט
20,2448,166,0.06781045751633986,19,128.8421052631579,8.736842105263158,העבודה הישראלית
20,897,106,0.11817168338907469,14,64.07142857142857,7.571428571428571,"ש""ס"
20,2693,179,0.06646862235425176,30,89.76666666666667,5.966666666666667,המחנה הציוני
20,1698,181,0.10659599528857479,35,48.51428571428571,5.171428571428572,הליכוד
20,1760,100,0.056818181818181816,20,88.0,5.0,"הרשימה המשותפת (חד""ש, רע""ם, בל""ד ותע""ל)"
21,1,1,1.0,2,0.5,0.5,"רע""ם – רשימת האיחוד הערבי"
21,4,1,0.25,2,2.0,0.5,"תע""ל"
21,1,1,1.0,4,0.25,0.25,"רע""ם - בל""ד - הרשימה הערבית המאוחדת ברית לאומית דמוקרטית"
21,28,1,0.03571428571428571,4,7.0,0.25,דגל התורה
21,136,1,0.007352941176470588,5,27.2,0.2,מרצ
21,45,1,0.022222222222222223,5,9.0,0.2,ישראל ביתנו בראשות אביגדור ליברמן
21,81,1,0.012345679012345678,5,16.2,0.2,כולנו בראשות משה כחלון
21,8,1,0.125,6,1.3333333333333333,0.16666666666666666,הבית היהודי - האיחוד הלאומי
21,5,1,0.2,6,0.8333333333333334,0.16666666666666666,"חד""ש תע""ל בראשות איימן עודה ואחמד טיבי"
21,31,1,0.03225806451612903,7,4.428571428571429,0.14285714285714285,העבודה
21,20,1,0.05,9,2.2222222222222223,0.1111111111111111,"ש""ס"
21,29,1,0.034482758620689655,9,3.2222222222222223,0.1111111111111111,יהדות התורה
21,48,2,0.041666666666666664,35,1.3714285714285714,0.05714285714285714,הליכוד בהנהגת בנימין נתניהו לראשות הממשלה
21,180,1,0.005555555555555556,36,5.0,0.027777777777777776,כחול לבן
21,1,0,0.0,4,0.25,0.0,"חד""ש"
21,1,0,0.0,4,0.25,0.0,אגודת ישראל
22,330,3,0.00909090909090909,35,9.428571428571429,0.08571428571428572,כחול לבן
22,137,2,0.014598540145985401,32,4.28125,0.0625,הליכוד בהנהגת בנימין נתניהו לראשות הממשלה
22,134,0,0.0,10,13.4,0.0,"ש""ס"
22,364,0,0.0,6,60.666666666666664,0.0,העבודה - גשר
22,11,0,0.0,4,2.75,0.0,הבית היהודי - האיחוד הלאומי
22,141,0,0.0,8,17.625,0.0,יהדות התורה והשבת אגודת ישראל - דגל התורה
22,131,0,0.0,8,16.375,0.0,ישראל ביתנו בראשות אביגדור ליברמן
22,247,0,0.0,6,41.166666666666664,0.0,המחנה הדמוקרטי
22,51,0,0.0,13,3.923076923076923,0.0,"הרשימה המשותפת חד""ש, רע""ם, תע""ל, בל""ד"
22,7,0,0.0,4,1.75,0.0,הימין החדש
22,30,0,0.0,4,7.5,0.0,אגודת ישראל
22,126,0,0.0,3,42.0,0.0,דגל התורה
22,42,0,0.0,5,8.4,0.0,"חד""ש - חזית דמוקרטית לשלום ושוויון"
22,15,0,0.0,3,5.0,0.0,"בל""ד - ברית לאומית דמוקרטית"
22,13,0,0.0,3,4.333333333333333,0.0,"רע""מ - רשימת האיחוד הערבי"
22,18,0,0.0,2,9.0,0.0,"תע""ל - התנועה הערבית לשינוי"
22,14,0,0.0,7,2.0,0.0,ימינה בראשות איילת שקד הבית היהודי – האיחוד הלאומי – הימין החדש
23,28,6,0.21428571428571427,2,14.0,3.0,דרך ארץ
23,232,11,0.04741379310344827,4,58.0,2.75,דגל התורה
23,53,2,0.03773584905660377,1,53.0,2.0,"חה""כ ע'דיר כמאל מריח"
23,28,2,0.07142857142857142,1,28.0,2.0,גשר
23,293,5,0.017064846416382253,3,97.66666666666667,1.6666666666666667,העבודה הישראלית
23,577,9,0.01559792027729636,6,96.16666666666667,1.5,העבודה - מרצ
23,375,17,0.04533333333333334,12,31.25,1.4166666666666667,"ש""ס"
23,159,4,0.025157232704402517,3,53.0,1.3333333333333333,"תע""ל – התנועה הערבית להתחדשות"
23,603,9,0.014925373134328358,7,86.14285714285714,1.2857142857142858,העבודה - גשר - מרצ
23,299,5,0.016722408026755852,4,74.75,1.25,מרצ
23,99,6,0.06060606060606061,5,19.8,1.2,"תל""ם - תנועה לאומית ממלכתית"
23,294,8,0.027210884353741496,7,42.0,1.1428571428571428,ישראל ביתנו בראשות אביגדור ליברמן
23,297,13,0.04377104377104377,13,22.846153846153847,1.0,יהדות התורה והשבת אגודת ישראל - דגל התורה
23,85,3,0.03529411764705882,3,28.333333333333332,1.0,אגודת ישראל
23,511,12,0.023483365949119372,14,36.5,0.8571428571428571,יש עתיד
23,103,5,0.04854368932038835,6,17.166666666666668,0.8333333333333334,ימינה
23,650,20,0.03076923076923077,33,19.696969696969695,0.6060606060606061,כחול לבן בראשות בנימין גנץ
23,531,12,0.022598870056497175,20,26.55,0.6,"יש עתיד - תל""ם"
23,226,14,0.061946902654867256,27,8.37037037037037,0.5185185185185185,כחול לבן
23,73,1,0.0136986301369863,2,36.5,0.5,האיחוד הלאומי
23,55,2,0.03636363636363636,4,13.75,0.5,"רע""מ – רשימת האיחוד הערבי"
23,407,6,0.014742014742014743,15,27.133333333333333,0.4,"הרשימה המשותפת חד""ש, רע""מ, תע""ל, בל""ד"
23,516,17,0.03294573643410853,43,12.0,0.3953488372093023,הליכוד
23,285,3,0.010526315789473684,8,35.625,0.375,הרשימה המשותפת
23,5,0,0.0,1,5.0,0.0,"חה""כ פנינה תמנו"
24,74,2,0.02702702702702703,1,74.0,2.0,עוצמה יהודית
24,345,7,0.020289855072463767,4,86.25,1.75,"הרשימה המשותפת (חד""ש, בל""ד)"
24,115,3,0.02608695652173913,2,57.5,1.5,עתיד אחד
24,181,3,0.016574585635359115,2,90.5,1.5,"התנועה הערבית להתחדשות (תע""ל)"
24,473,9,0.019027484143763214,7,67.57142857142857,1.2857142857142858,"הרשימה המשותפת (חד""ש, תע""ל, בל""ד)"
24,350,5,0.014285714285714285,4,87.5,1.25,דגל התורה
24,632,10,0.015822784810126583,10,63.2,1.0,מרצ
24,12,1,0.08333333333333333,1,12.0,1.0,"חה""כ עמיחי שיקלי"
24,144,3,0.020833333333333332,3,48.0,1.0,אגודת ישראל
24,71,2,0.028169014084507043,2,35.5,1.0,"נעם - בראשות חה""כ אבי מעוז"
24,45,1,0.022222222222222223,1,45.0,1.0,דרך ארץ
24,133,4,0.03007518796992481,5,26.6,0.8,תקווה חדשה - אחדות לישראל
24,576,7,0.012152777777777778,9,64.0,0.7777777777777778,העבודה
24,138,4,0.028985507246376812,6,23.0,0.6666666666666666,הרשימה הערבית המאוחדת
24,200,7,0.035,11,18.181818181818183,0.6363636363636364,תקווה חדשה
24,590,8,0.013559322033898305,13,45.38461538461539,0.6153846153846154,"ש""ס"
24,1154,17,0.014731369150779897,32,36.0625,0.53125,הליכוד בהנהגת בנימין נתניהו לראשות הממשלה
24,487,12,0.024640657084188913,23,21.17391304347826,0.5217391304347826,יש עתיד
24,277,6,0.021660649819494584,12,23.083333333333332,0.5,כחול לבן
24,455,6,0.013186813186813187,13,35.0,0.46153846153846156,יהדות התורה והשבת - אגודת ישראל דגל התורה
24,233,6,0.02575107296137339,14,16.642857142857142,0.42857142857142855,ישראל ביתנו
24,148,5,0.033783783783783786,12,12.333333333333334,0.4166666666666667,ימינה בראשות נפתלי בנט
24,333,3,0.009009009009009009,8,41.625,0.375,הציונות הדתית
24,28,1,0.03571428571428571,3,9.333333333333334,0.3333333333333333,המחנה הממלכתי
24,74,1,0.013513513513513514,5,14.8,0.2,ימינה
24,1,0,0.0,1,1.0,0.0,חופש כלכלי
25,489,39,0.07975460122699386,10,48.9,3.9,עוצמה יהודית בראשות איתמר בן גביר
25,391,25,0.0639386189258312,7,55.857142857142854,3.5714285714285716,ישראל ביתנו
25,714,56,0.0784313725490196,16,44.625,3.5,"התאחדות הספרדים שומרי תורה תנועתו של מרן הרב עובדיה יוסף זצ""ל"
25,656,21,0.03201219512195122,6,109.33333333333333,3.5,העבודה
25,587,46,0.07836456558773425,14,41.92857142857143,3.2857142857142856,הציונות הדתית (נסגרה)
25,485,38,0.07835051546391752,12,40.416666666666664,3.1666666666666665,יהדות התורה
25,544,42,0.07720588235294118,15,36.266666666666666,2.8,המחנה הממלכתי
25,580,15,0.02586206896551724,6,96.66666666666667,2.5,"חד""ש-תע""ל"
25,121,5,0.04132231404958678,2,60.5,2.5,"חה""כ עידן רול"
25,368,29,0.07880434782608696,12,30.666666666666668,2.4166666666666665,הציונות הדתית בראשות בצלאל סמוטריץ'
25,222,16,0.07207207207207207,7,31.714285714285715,2.2857142857142856,הימין הממלכתי
25,622,11,0.017684887459807074,6,103.66666666666667,1.8333333333333333,"רע""ם"
25,1476,83,0.05623306233062331,47,31.404255319148938,1.7659574468085106,הליכוד
25,1195,46,0.038493723849372385,28,42.67857142857143,1.6428571428571428,יש עתיד
25,12,0,0.0,2,6.0,0.0,נעם - בראשות אבי מעוז
